{
  "num_samples": 2000,
  "base": {
    "num_texts": 2000,
    "num_tokens": 375810,
    "mean_nll": 3.261898119194074,
    "perplexity": 26.099029225041793
  },
  "oft": {
    "num_texts": 2000,
    "num_tokens": 375810,
    "mean_nll": 1.9988173816264563,
    "perplexity": 7.380322830504613
  },
  "delta_mean_nll": -1.2630807375676179
}